event_id,a0x,a0y,a0z,energy_keV,a1x,a1y,a1z,detector,b0x,b0y,b0z,b1x,b1y,b1z,weight
1,1.0,0.0,0.0,511.0,0.0,1.0,0.0,A,1.0,0.0,0.0,0.0,0.0,1.0,1.0
2,0.0,0.0,1.0,340.0,0.0,1.0,0.0,B,0.0,0.0,1.0,1.0,0.0,0.0,0.5
3,1.0,0.0,0.0,511.0,0.70710678,0.70710678,0.0,C,0.0,1.0,0.0,0.0,0.70710678,0.70710678,0.8
